,U_perp,U_parallel,Slip,Tr,Vr,Hypo_as,Hypo_dd,std_U_perp,std_U_parallel,std_U,std_Tr,std_Vr,std_Hypo_as,std_Hypo_dd,lat,lon,depth,strike,dip
0,0.7664116621017456,-0.013207980431616306,0.7665255069732666,26.424375534057617,1.9889942407608032,137.8419952392578,55.53669738769531,0.3352741301059723,0.3425792455673218,0.2938551902770996,1.279989242553711,0.40068942308425903,0.646595299243927,0.5301492214202881,-20.855,-71.058,9.03,-13.58,9.01
1,0.07175333052873611,0.23913219571113586,0.2496652752161026,18.438871383666992,1.6587839126586914,,,0.3004215359687805,0.31415367126464844,0.24334682524204254,1.2271379232406616,0.446931928396225,,,-20.819,-70.902,12.15,-13.58,12.15
2,-0.5504189133644104,0.18033213913440704,0.5792069435119629,25.307092666625977,1.4970167875289917,,,0.30004072189331055,0.27901822328567505,0.2810404598712921,1.5236304998397827,0.41403016448020935,,,-20.784,-70.748,16.1,-13.58,14.78
3,-0.48668888211250305,0.49939772486686707,0.6973264217376709,21.01260757446289,1.6465262174606323,,,0.32017481327056885,0.30574238300323486,0.3402286469936371,1.7669963836669922,0.5437711477279663,,,-20.75,-70.595,20.76,-13.58,16.99
4,0.09812367707490921,0.0293313916772604,0.10241380333900452,12.765131950378418,1.49953293800354,,,0.17512384057044983,0.18745988607406616,0.12666723132133484,1.6630465984344482,0.3680041432380676,,,-20.715,-70.444,25.98,-13.58,18.82
5,0.15548020601272583,-0.07523996382951736,0.1727285385131836,16.550487518310547,1.8557732105255127,,,0.23458246886730194,0.20890942215919495,0.16375090181827545,2.0377824306488037,0.4712154269218445,,,-20.681,-70.295,31.68,-13.58,20.34
6,0.10697586834430695,0.14145992696285248,0.1773548722267151,15.133803367614746,1.4202065467834473,,,0.2651537358760834,0.23181861639022827,0.1716148406267166,1.9081733226776123,0.28758472204208374,,,-20.646,-70.147,37.76,-13.58,21.59
7,-0.3656572997570038,0.2913857102394104,0.4675584137439728,21.07202911376953,1.2595767974853516,,,0.26758378744125366,0.23875094950199127,0.23907648026943207,1.9769456386566162,0.4037036597728729,,,-20.612,-70.0,44.16,-13.58,22.62
8,-0.49171745777130127,-0.6209847927093506,0.7920910120010376,18.591686248779297,2.265892505645752,,,0.2834201753139496,0.26284635066986084,0.27677643299102783,1.7039787769317627,0.29777535796165466,,,-20.578,-69.855,50.82,-13.58,23.47
9,-0.16161270439624786,-0.4300011098384857,0.4593687057495117,14.307123184204102,1.2297587394714355,,,0.342220276594162,0.2933643162250519,0.26037338376045227,1.4283137321472168,0.313582181930542,,,-20.545,-69.71,57.68,-13.58,24.16
10,0.6689053177833557,-0.23766487836837769,0.7098724842071533,14.768258094787598,2.4335546493530273,,,0.25213003158569336,0.19595545530319214,0.24651579558849335,1.4242277145385742,0.33072930574417114,,,-20.511,-69.566,64.72,-13.58,24.74
11,0.6514830589294434,-0.46311700344085693,0.799316942691803,14.66027545928955,1.339174509048462,,,0.4007655382156372,0.31817978620529175,0.3384285569190979,1.635390043258667,0.2915748357772827,,,-20.705,-71.096,9.03,-13.58,9.01
12,-0.164234459400177,-0.16979798674583435,0.23622936010360718,17.40899085998535,1.817063808441162,,,0.4077637493610382,0.2853699326515198,0.2528166174888611,1.4006807804107666,0.3674435019493103,,,-20.67,-70.94,12.15,-13.58,12.15
13,0.6199140548706055,0.08059524744749069,0.6251311898231506,13.347297668457031,1.2290443181991577,,,0.3650393486022949,0.34958261251449585,0.3043866753578186,1.891822338104248,0.2039981335401535,,,-20.635,-70.786,16.1,-13.58,14.78
14,-1.2963535785675049,1.5390527248382568,2.0122663974761963,22.26898765563965,1.7368518114089966,,,0.3725664019584656,0.3665553331375122,0.37150058150291443,1.4078961610794067,0.35530468821525574,,,-20.6,-70.634,20.76,-13.58,16.99
15,-0.6469112634658813,0.6250044107437134,0.8995136022567749,20.597064971923828,1.067807674407959,,,0.3266952335834503,0.3317521810531616,0.3143630623817444,2.283928871154785,0.3179227411746979,,,-20.566,-70.483,25.98,-13.58,18.82
16,0.15744027495384216,-0.1745566576719284,0.23506906628608704,17.089778900146484,1.947616696357727,,,0.2616111636161804,0.22866970300674438,0.21867957711219788,1.5725163221359253,0.3817961812019348,,,-20.531,-70.334,31.68,-13.58,20.34
17,0.7312806844711304,0.6670821309089661,0.9898332953453064,20.962678909301758,2.403978109359741,,,0.307913213968277,0.27352622151374817,0.2644404470920563,1.6339938640594482,0.28573620319366455,,,-20.497,-70.186,37.76,-13.58,21.59
18,-1.000963568687439,0.3554861843585968,1.0622140169143677,12.970154762268066,1.4420387744903564,,,0.3338269591331482,0.3124444782733917,0.30506521463394165,1.5344167947769165,0.31213948130607605,,,-20.463,-70.039,44.16,-13.58,22.62
19,0.08571819961071014,-0.4658612906932831,0.4736816883087158,20.1937313079834,2.086601972579956,,,0.3016074001789093,0.2664285898208618,0.2434350848197937,1.9615907669067383,0.31371554732322693,,,-20.429,-69.894,50.82,-13.58,23.47
20,0.4626438021659851,-0.2938002347946167,0.5480491518974304,18.253747940063477,2.2842612266540527,,,0.29538610577583313,0.27527469396591187,0.24874372780323029,1.7890644073486328,0.31132322549819946,,,-20.396,-69.749,57.68,-13.58,24.16
21,0.16777004301548004,-0.12754449248313904,0.21074721217155457,19.784875869750977,2.3329479694366455,,,0.2894522547721863,0.26577213406562805,0.19363558292388916,1.6178293228149414,0.3383459150791168,,,-20.362,-69.605,64.72,-13.58,24.74
22,0.21105100214481354,-0.24153806269168854,0.3207540512084961,16.04314613342285,2.073356866836548,,,0.3611290156841278,0.3225577771663666,0.28844690322875977,1.7954566478729248,0.48371073603630066,,,-20.556,-71.134,9.03,-13.58,9.01
23,1.0167794227600098,-0.5530559420585632,1.157459020614624,17.627197265625,1.1577942371368408,,,0.43105125427246094,0.23362673819065094,0.3835076689720154,1.0149787664413452,0.16110660135746002,,,-20.521,-70.978,12.15,-13.58,12.15
24,-1.7170500755310059,0.9773792028427124,1.9757355451583862,20.62958526611328,1.4632978439331055,,,0.3355622887611389,0.3742707073688507,0.3936735689640045,1.0262280702590942,0.22797907888889313,,,-20.486,-70.824,16.1,-13.58,14.78
25,-0.6343262195587158,-0.13960854709148407,0.6495077610015869,24.1019344329834,1.845299243927002,,,0.35647934675216675,0.3475222587585449,0.32907184958457947,1.5171983242034912,0.33314645290374756,,,-20.451,-70.672,20.76,-13.58,16.99
26,-0.4512726664543152,1.1913200616836548,1.2739272117614746,22.236286163330078,1.9448069334030151,,,0.32428452372550964,0.3562057614326477,0.3689729869365692,1.6602483987808228,0.38329440355300903,,,-20.417,-70.521,25.98,-13.58,18.82
27,0.13181760907173157,-0.23092421889305115,0.2658982574939728,15.828725814819336,1.412390112876892,,,0.3683813214302063,0.2714504897594452,0.2549908757209778,2.3055009841918945,0.42655205726623535,,,-20.382,-70.372,31.68,-13.58,20.34
28,-0.3781912922859192,-0.03275030851364136,0.379606693983078,15.982189178466797,1.9570039510726929,,,0.3876749873161316,0.27717825770378113,0.2906753718852997,1.6431711912155151,0.34822291135787964,,,-20.348,-70.225,37.76,-13.58,21.59
29,0.6053999662399292,0.9599631428718567,1.1349177360534668,15.983855247497559,0.9941264986991882,,,0.3184266686439514,0.3240981698036194,0.2845812439918518,1.9374903440475464,0.3375456631183624,,,-20.314,-70.078,44.16,-13.58,22.62
30,0.015182191506028175,-0.177476704120636,0.17812490463256836,20.20549964904785,2.1638283729553223,,,0.3920985758304596,0.2888859510421753,0.2388499677181244,1.7666205167770386,0.34756144881248474,,,-20.28,-69.933,50.82,-13.58,23.47
31,-0.7144743204116821,0.15224666893482208,0.7305153012275696,20.356477737426758,2.2695469856262207,,,0.28574270009994507,0.32408198714256287,0.2843925654888153,1.8625259399414062,0.333569198846817,,,-20.247,-69.788,57.68,-13.58,24.16
32,-0.7423970103263855,0.444202184677124,0.865140974521637,24.316753387451172,1.61445951461792,,,0.27577662467956543,0.32340678572654724,0.2636171579360962,1.436733365058899,0.41041648387908936,,,-20.213,-69.645,64.72,-13.58,24.74
33,0.20044320821762085,-0.3409038782119751,0.3954654633998871,16.737247467041016,1.1297295093536377,,,0.4506598114967346,0.32026487588882446,0.2942228615283966,1.4978396892547607,0.29777106642723083,,,-20.407,-71.172,9.03,-13.58,9.01
34,0.27044740319252014,1.0135548114776611,1.0490162372589111,15.521292686462402,2.555854558944702,,,0.31305772066116333,0.34263870120048523,0.32584187388420105,1.3862756490707397,0.26306408643722534,,,-20.372,-71.016,12.15,-13.58,12.15
35,-0.6507432460784912,-0.38068512082099915,0.7539150714874268,19.450246810913086,0.928001344203949,,,0.5076831579208374,0.285632848739624,0.37311890721321106,1.4892526865005493,0.12294936925172806,,,-20.337,-70.863,16.1,-13.58,14.78
36,0.450612336397171,0.0753425806760788,0.4568675756454468,10.629278182983398,1.3754031658172607,,,0.25533655285835266,0.33083584904670715,0.24131739139556885,2.1465086936950684,0.2742784321308136,,,-20.302,-70.71,20.76,-13.58,16.99
37,0.37935870885849,0.36668527126312256,0.5276088714599609,26.152414321899414,1.354163646697998,,,0.43165647983551025,0.39715030789375305,0.3706258237361908,1.9647881984710693,0.41163554787635803,,,-20.267,-70.56,25.98,-13.58,18.82
38,0.8690363168716431,0.8598911762237549,1.2225534915924072,15.660808563232422,2.267362594604492,,,0.3746708929538727,0.3899226188659668,0.38714873790740967,1.4468849897384644,0.3275335133075714,,,-20.233,-70.411,31.68,-13.58,20.34
39,-0.5343630313873291,1.7885408401489258,1.866660714149475,18.158123016357422,1.638466238975525,,,0.4125173091888428,0.3148688077926636,0.31797924637794495,2.0526416301727295,0.31515535712242126,,,-20.199,-70.263,37.76,-13.58,21.59
40,-0.5158021450042725,0.543830156326294,0.7495352625846863,22.070606231689453,2.1812632083892822,,,0.40451204776763916,0.3943968415260315,0.3684602677822113,1.6647822856903076,0.34817105531692505,,,-20.165,-70.117,44.16,-13.58,22.62
41,0.2292388677597046,-0.20314957201480865,0.3063008487224579,14.711175918579102,2.078916311264038,,,0.360132098197937,0.42510291934013367,0.3115919232368469,2.3630824089050293,0.3975413739681244,,,-20.131,-69.972,50.82,-13.58,23.47
42,-0.14199374616146088,0.3256089389324188,0.35522302985191345,22.190479278564453,2.0754308700561523,,,0.39489108324050903,0.33644965291023254,0.2569102346897125,2.2120442390441895,0.40689173340797424,,,-20.098,-69.828,57.68,-13.58,24.16
43,0.02588874101638794,-0.7080652713775635,0.7085384130477905,14.921347618103027,2.0838873386383057,,,0.2634565532207489,0.17978790402412415,0.18223462998867035,1.4504002332687378,0.3167971670627594,,,-20.064,-69.684,64.72,-13.58,24.74
44,-0.9651172161102295,0.48556938767433167,1.0803836584091187,15.336180686950684,2.266232490539551,,,0.35897427797317505,0.33346983790397644,0.3689354956150055,1.172271490097046,0.34021759033203125,,,-20.257,-71.21,9.03,-13.58,9.01
45,-0.5303429961204529,-0.3395814001560211,0.629745364189148,16.520463943481445,2.1170389652252197,,,0.4173057973384857,0.2754842936992645,0.3226959705352783,1.831154465675354,0.2941496670246124,,,-20.222,-71.055,12.15,-13.58,12.15
46,-1.3332937955856323,-0.685128927230835,1.4990242719650269,16.733240127563477,1.9546923637390137,,,0.3559471070766449,0.2025201916694641,0.3257216215133667,0.8447465896606445,0.24798250198364258,,,-20.187,-70.901,16.1,-13.58,14.78
47,-0.6483423113822937,-0.4271268844604492,0.7763923406600952,21.086896896362305,2.1787638664245605,,,0.44811898469924927,0.3171204626560211,0.37326672673225403,1.3206497430801392,0.3021808862686157,,,-20.153,-70.749,20.76,-13.58,16.99
48,0.3125549554824829,-0.3911336660385132,0.5006756782531738,12.888758659362793,1.8028393983840942,,,0.3322557508945465,0.30500730872154236,0.26170507073402405,1.298810601234436,0.2926676273345947,,,-20.118,-70.598,25.98,-13.58,18.82
49,0.5380308628082275,-0.12875144183635712,0.553221583366394,19.051977157592773,1.0641098022460938,,,0.41163453459739685,0.42336368560791016,0.3520078659057617,1.892512321472168,0.2322007268667221,,,-20.084,-70.45,31.68,-13.58,20.34
50,-0.17480573058128357,-0.1364513784646988,0.22175666689872742,18.044845581054688,1.1341646909713745,,,0.3595196604728699,0.38624289631843567,0.2617076337337494,1.7107871770858765,0.2852488160133362,,,-20.05,-70.302,37.76,-13.58,21.59
51,0.25069648027420044,-0.006152510643005371,0.25077196955680847,13.830700874328613,1.981498122215271,,,0.29157447814941406,0.3653719127178192,0.23098224401474,2.063966751098633,0.5415513515472412,,,-20.016,-70.156,44.16,-13.58,22.62
52,-0.4253477156162262,-0.297531396150589,0.5190814733505249,16.201520919799805,2.1396524906158447,,,0.3546840250492096,0.29503411054611206,0.2699841558933258,2.080918788909912,0.38980892300605774,,,-19.982,-70.011,50.82,-13.58,23.47
53,0.5472487211227417,-0.2965131103992462,0.6224156022071838,14.777640342712402,2.4977712631225586,,,0.31498298048973083,0.2610095143318176,0.2598415017127991,1.466332197189331,0.30744442343711853,,,-19.949,-69.867,57.68,-13.58,24.16
54,0.06328949332237244,0.2939539849758148,0.30069005489349365,16.368942260742188,1.8164336681365967,,,0.32197704911231995,0.2864932417869568,0.22563417255878448,1.9757674932479858,0.41426020860671997,,,-19.915,-69.723,64.72,-13.58,24.74
55,-1.0505855083465576,0.5976711511611938,1.2086938619613647,14.958324432373047,2.114156723022461,,,0.3706318140029907,0.3338039815425873,0.3742782771587372,1.4127824306488037,0.24730603396892548,,,-20.108,-71.248,9.03,-13.58,9.01
56,1.3244328498840332,0.15933427214622498,1.3339827060699463,26.457197189331055,2.089570999145508,,,0.3974376618862152,0.3593113124370575,0.38545405864715576,1.2533621788024902,0.3147507905960083,,,-20.073,-71.092,12.15,-13.58,12.15
57,0.4630183279514313,2.145859479904175,2.195244550704956,8.035426139831543,2.319425582885742,,,0.1798759549856186,0.27070850133895874,0.2668169438838959,0.442729651927948,0.10321934521198273,,,-20.038,-70.939,16.1,-13.58,14.78
58,-0.7589504718780518,7.149753570556641,7.189922332763672,9.993239402770996,1.6511521339416504,,,0.32025694847106934,0.5264067053794861,0.5245787501335144,0.5608375072479248,0.05591178312897682,,,-20.003,-70.787,20.76,-13.58,16.99
59,-1.2034013271331787,13.654339790344238,13.707266807556152,20.663597106933594,1.6073039770126343,,,0.4691394567489624,0.7701359987258911,0.7668493390083313,0.6652197241783142,0.10902957618236542,,,-19.969,-70.637,25.98,-13.58,18.82
60,-1.9952974319458008,1.5458548069000244,2.524060010910034,17.91422462463379,2.265211582183838,,,0.42646488547325134,0.4967038035392761,0.43754497170448303,1.4360599517822266,0.3305095136165619,,,-19.935,-70.488,31.68,-13.58,20.34
61,0.5008662939071655,2.4438939094543457,2.4946913719177246,8.654111862182617,2.6052024364471436,,,0.24514468014240265,0.3546401858329773,0.35531213879585266,0.9147582650184631,0.20459309220314026,,,-19.901,-70.341,37.76,-13.58,21.59
62,0.46631404757499695,0.9810135364532471,1.0862027406692505,11.83786392211914,2.6249454021453857,,,0.2947046160697937,0.31280288100242615,0.30940890312194824,1.6431471109390259,0.21739384531974792,,,-19.867,-70.195,44.16,-13.58,22.62
63,0.9509365558624268,1.6251492500305176,1.882920742034912,20.373472213745117,2.204127788543701,,,0.327558696269989,0.3542320430278778,0.3630712926387787,1.4582968950271606,0.32800576090812683,,,-19.833,-70.05,50.82,-13.58,23.47
64,-0.8564706444740295,-0.39176174998283386,0.9418169856071472,18.254741668701172,2.107292890548706,,,0.31993019580841064,0.27721428871154785,0.3337460160255432,1.477448582649231,0.301139235496521,,,-19.799,-69.906,57.68,-13.58,24.16
65,0.1312425285577774,0.7355065941810608,0.747124195098877,16.928695678710938,2.1072936058044434,,,0.31454887986183167,0.38749223947525024,0.38295021653175354,1.6158273220062256,0.35831502079963684,,,-19.766,-69.762,64.72,-13.58,24.74
66,-0.36892274022102356,1.8307608366012573,1.8675624132156372,14.987391471862793,2.4446332454681396,,,0.3834984600543976,0.3450925648212433,0.3449036478996277,1.5717123746871948,0.35583582520484924,,,-19.959,-71.286,9.03,-13.58,9.01
67,-0.694053590297699,1.592004656791687,1.736717939376831,13.606868743896484,2.6153926849365234,,,0.2854584753513336,0.3342147767543793,0.32751384377479553,0.6706948280334473,0.21691901981830597,,,-19.924,-71.13,12.15,-13.58,12.15
68,2.164425849914551,2.6034109592437744,3.385629653930664,26.051158905029297,1.9466012716293335,,,0.48131054639816284,0.4601432681083679,0.48863810300827026,1.0826855897903442,0.12468429654836655,,,-19.889,-70.977,16.1,-13.58,14.78
69,-1.6618449687957764,4.630865097045898,4.920024394989014,25.750974655151367,1.5173317193984985,,,0.594697117805481,0.7349791526794434,0.6802905201911926,1.2006067037582397,0.1045682355761528,,,-19.854,-70.825,20.76,-13.58,16.99
70,-0.4323875904083252,10.044342994689941,10.053645133972168,27.468456268310547,1.6244759559631348,,,0.5684077143669128,0.8690587878227234,0.8682653903961182,0.7864589095115662,0.06590935587882996,,,-19.82,-70.675,25.98,-13.58,18.82
71,-1.1792412996292114,2.9442179203033447,3.1715972423553467,10.830053329467773,1.0609910488128662,,,0.3213922083377838,0.5356286764144897,0.5016558766365051,1.075058102607727,0.09925783425569534,,,-19.786,-70.526,31.68,-13.58,20.34
72,0.09493809938430786,4.301000595092773,4.302048206329346,4.509978771209717,2.7432799339294434,,,0.146634042263031,0.23462900519371033,0.23385097086429596,0.2127230316400528,0.12202082574367523,,,-19.752,-70.379,37.76,-13.58,21.59
73,1.024625301361084,1.4994086027145386,1.816062569618225,10.368261337280273,2.313699960708618,,,0.2668640911579132,0.3441271185874939,0.300987184047699,2.1762378215789795,0.2624262571334839,,,-19.718,-70.233,44.16,-13.58,22.62
74,-0.8501265048980713,0.18518291413784027,0.8700619339942932,8.962550163269043,2.5587494373321533,,,0.21216915547847748,0.27342912554740906,0.21124808490276337,1.2126539945602417,0.23132869601249695,,,-19.684,-70.088,50.82,-13.58,23.47
75,0.1816307008266449,0.22732020914554596,0.2909711003303528,20.477977752685547,1.7784229516983032,,,0.34345927834510803,0.3278309404850006,0.2777961194515228,2.0663037300109863,0.31706318259239197,,,-19.65,-69.944,57.68,-13.58,24.16
76,0.4655420184135437,-0.08514231443405151,0.4732637405395508,20.627843856811523,2.090510368347168,,,0.28123846650123596,0.3521965742111206,0.25210973620414734,1.770538330078125,0.3422352075576782,,,-19.617,-69.801,64.72,-13.58,24.74
77,-0.5554856657981873,0.8511525988578796,1.016378402709961,11.606954574584961,1.7488420009613037,,,0.31535419821739197,0.33033519983291626,0.31249237060546875,3.2283542156219482,0.28061604499816895,,,-19.809,-71.323,9.03,-13.58,9.01
78,0.9557522535324097,-0.04253454506397247,0.9566982388496399,16.659160614013672,2.5748355388641357,,,0.46352723240852356,0.38592684268951416,0.41831064224243164,1.6124358177185059,0.25704658031463623,,,-19.774,-71.168,12.15,-13.58,12.15
79,-0.3754752278327942,0.9762389659881592,1.0459561347961426,26.89270782470703,2.1879591941833496,,,0.5658521056175232,0.4850233793258667,0.3968378007411957,1.3036119937896729,0.19334246218204498,,,-19.739,-71.015,16.1,-13.58,14.78
80,0.39039286971092224,3.215430974960327,3.2390434741973877,12.640612602233887,1.5183398723602295,,,0.33880478143692017,0.403638631105423,0.3911539316177368,0.9569422006607056,0.1763959527015686,,,-19.705,-70.863,20.76,-13.58,16.99
81,2.724397659301758,3.6704816818237305,4.571080684661865,6.001214981079102,1.6958659887313843,,,0.2235589474439621,0.3647817075252533,0.31428512930870056,0.3332049548625946,0.03591705113649368,,,-19.67,-70.713,25.98,-13.58,18.82
82,-1.876460075378418,2.89619779586792,3.450951099395752,22.498891830444336,2.7113723754882812,,,0.4415901005268097,0.4977220594882965,0.49928611516952515,1.3918428421020508,0.1277242749929428,,,-19.636,-70.565,31.68,-13.58,20.34
83,-0.40642479062080383,1.7317613363265991,1.7788137197494507,23.123825073242188,1.5088156461715698,,,0.38718825578689575,0.4251077473163605,0.41529813408851624,1.3164712190628052,0.22563070058822632,,,-19.602,-70.418,37.76,-13.58,21.59
84,0.33943885564804077,-0.03085249476134777,0.34083810448646545,14.239798545837402,1.5143786668777466,,,0.34239837527275085,0.3606363534927368,0.2590494751930237,2.320826768875122,0.3582569360733032,,,-19.569,-70.272,44.16,-13.58,22.62
85,-0.019223986193537712,0.1000894084572792,0.10191884636878967,8.885054588317871,1.6991511583328247,,,0.28517305850982666,0.30310091376304626,0.1828998178243637,2.028273820877075,0.41836267709732056,,,-19.535,-70.127,50.82,-13.58,23.47
86,-0.9163894653320312,0.8770594596862793,1.2684648036956787,12.870966911315918,1.481911301612854,,,0.31121546030044556,0.36258459091186523,0.372403621673584,1.580378770828247,0.29006946086883545,,,-19.501,-69.983,57.68,-13.58,24.16
87,0.6856553554534912,-0.384982705116272,0.7863427400588989,23.164499282836914,1.1683133840560913,,,0.24644571542739868,0.2743472158908844,0.21891553699970245,1.5533108711242676,0.31857186555862427,,,-19.468,-69.84,64.72,-13.58,24.74
88,0.5262232422828674,0.11708898842334747,0.5390925407409668,17.093830108642578,1.6240484714508057,,,0.39995598793029785,0.37079882621765137,0.30711981654167175,1.793575406074524,0.47652727365493774,,,-19.66,-71.361,9.03,-13.58,9.01
89,1.052274227142334,1.3561912775039673,1.7165476083755493,11.886377334594727,1.536283016204834,,,0.45239901542663574,0.3805936574935913,0.4381488859653473,1.373145580291748,0.30270394682884216,,,-19.625,-71.206,12.15,-13.58,12.15
90,1.6276497840881348,0.08143647015094757,1.6296857595443726,9.112269401550293,1.1406621932983398,,,0.2627093195915222,0.2741398513317108,0.25887331366539,1.167391300201416,0.10744477063417435,,,-19.59,-71.053,16.1,-13.58,14.78
91,0.08772115409374237,1.087073802947998,1.0906074047088623,7.667351722717285,2.402550220489502,,,0.12320473045110703,0.1485060304403305,0.14450742304325104,0.5752848982810974,0.16183727979660034,,,-19.556,-70.901,20.76,-13.58,16.99
92,-3.354642391204834,3.0002081394195557,4.500541687011719,15.503467559814453,2.5989792346954346,,,0.3712017238140106,0.44975417852401733,0.46717116236686707,0.6925992965698242,0.1266425997018814,,,-19.521,-70.751,25.98,-13.58,18.82
93,-0.5521588921546936,0.15832000970840454,0.5744081139564514,17.968788146972656,0.9161698818206787,,,0.43410447239875793,0.5035198926925659,0.36646267771720886,1.5672122240066528,0.19796323776245117,,,-19.487,-70.603,31.68,-13.58,20.34
94,-0.6632693409919739,0.7905048131942749,1.0319031476974487,21.78420639038086,1.6391820907592773,,,0.30435723066329956,0.3434295654296875,0.33089566230773926,1.54588782787323,0.3561963140964508,,,-19.453,-70.456,37.76,-13.58,21.59
95,0.9360264539718628,0.2541601061820984,0.9699190258979797,13.299572944641113,2.01973032951355,,,0.388110876083374,0.3167526423931122,0.38748928904533386,1.82291579246521,0.3277415633201599,,,-19.419,-70.31,44.16,-13.58,22.62
96,0.6163299083709717,-0.44471222162246704,0.7600207328796387,17.957246780395508,1.9259295463562012,,,0.3327033519744873,0.26213374733924866,0.2865874469280243,1.8688527345657349,0.32676005363464355,,,-19.386,-70.166,50.82,-13.58,23.47
97,-0.5181989669799805,-0.49164870381355286,0.7143169045448303,20.232728958129883,1.4833413362503052,,,0.41594526171684265,0.28261029720306396,0.33749768137931824,1.9629091024398804,0.362022340297699,,,-19.352,-70.022,57.68,-13.58,24.16
98,-0.29751965403556824,0.6315432190895081,0.6981151700019836,16.901411056518555,1.866113543510437,,,0.3187563419342041,0.2950080335140228,0.26701614260673523,1.7978543043136597,0.4301685094833374,,,-19.319,-69.879,64.72,-13.58,24.74
99,0.7250418066978455,-0.10970751941204071,0.7332948446273804,14.116935729980469,1.6159449815750122,,,0.47975215315818787,0.3246282637119293,0.36684709787368774,1.661255121231079,0.33667781949043274,,,-19.511,-71.398,9.03,-13.58,9.01
100,0.8434486389160156,0.1260238140821457,0.8528116345405579,9.892219543457031,1.0546154975891113,,,0.3250216245651245,0.39488667249679565,0.2993253469467163,1.6216522455215454,0.18296237289905548,,,-19.476,-71.244,12.15,-13.58,12.15
101,2.7117998600006104,1.728635311126709,3.2159039974212646,20.905982971191406,2.4255471229553223,,,0.3988175094127655,0.4366884231567383,0.4050993323326111,1.2400861978530884,0.22057780623435974,,,-19.441,-71.09,16.1,-13.58,14.78
102,-0.8384056091308594,2.9386332035064697,3.055894136428833,20.09851837158203,1.1891525983810425,,,0.5263271331787109,0.5428601503372192,0.5359535813331604,1.6932456493377686,0.2919518053531647,,,-19.406,-70.939,20.76,-13.58,16.99
103,0.8728622198104858,-0.1744154393672943,0.8901175260543823,13.223677635192871,2.003690481185913,,,0.2975485026836395,0.34106555581092834,0.2793111205101013,1.2992234230041504,0.20273849368095398,,,-19.372,-70.789,25.98,-13.58,18.82
104,0.2986886501312256,0.5407599210739136,0.6177670955657959,23.544782638549805,0.9901148080825806,,,0.38995036482810974,0.43181663751602173,0.38288071751594543,2.0450470447540283,0.10740899294614792,,,-19.338,-70.641,31.68,-13.58,20.34
105,1.3340595960617065,-0.034403473138809204,1.334503173828125,23.606595993041992,1.7138161659240723,,,0.402817964553833,0.38553738594055176,0.40599772334098816,1.8930553197860718,0.33521682024002075,,,-19.304,-70.494,37.76,-13.58,21.59
106,-0.984149694442749,0.03276598080992699,0.9846950173377991,14.255337715148926,1.892763614654541,,,0.28043073415756226,0.32734790444374084,0.27506211400032043,1.3850300312042236,0.30145153403282166,,,-19.27,-70.349,44.16,-13.58,22.62
107,0.9195374846458435,0.7066519856452942,1.159700870513916,23.705093383789062,2.659576177597046,,,0.31102681159973145,0.3481009900569916,0.3149881958961487,1.629156231880188,0.18566638231277466,,,-19.237,-70.204,50.82,-13.58,23.47
108,-0.2569994628429413,0.3244904577732086,0.41393572092056274,16.687488555908203,1.9417833089828491,,,0.4393540620803833,0.29987674951553345,0.2626907229423523,1.939273715019226,0.37579479813575745,,,-19.203,-70.061,57.68,-13.58,24.16
109,-0.5972679853439331,0.05683479458093643,0.5999660491943359,14.95627212524414,2.1035542488098145,,,0.33035802841186523,0.4432719945907593,0.2999850809574127,1.6486263275146484,0.37963905930519104,,,-19.17,-69.918,64.72,-13.58,24.74
110,0.133217453956604,1.3435070514678955,1.3500956296920776,24.140016555786133,1.5728905200958252,,,0.498707115650177,0.3970557451248169,0.3694242835044861,1.785078525543213,0.37172260880470276,,,-19.361,-71.436,9.03,-13.58,9.01
111,-0.17443500459194183,0.741028368473053,0.761282205581665,19.193340301513672,0.9540315270423889,,,0.597106397151947,0.3933022618293762,0.40701809525489807,1.9074420928955078,0.23098787665367126,,,-19.326,-71.281,12.15,-13.58,12.15
112,-0.09472578763961792,0.3599584102630615,0.3722136914730072,26.744831085205078,2.1581480503082275,,,0.4636947810649872,0.3710888624191284,0.322584867477417,1.382765769958496,0.272247850894928,,,-19.291,-71.128,16.1,-13.58,14.78
113,-0.40026557445526123,3.618515968322754,3.6405863761901855,24.12651824951172,2.148730993270874,,,0.5554370284080505,0.5235518217086792,0.5235148072242737,2.089026689529419,0.4480295479297638,,,-19.257,-70.977,20.76,-13.58,16.99
114,-0.11443665623664856,0.6108927726745605,0.6215189099311829,15.578699111938477,0.915897011756897,,,0.4584999978542328,0.5413601398468018,0.4296361804008484,1.6472454071044922,0.21626092493534088,,,-19.223,-70.827,25.98,-13.58,18.82
115,-0.3029060363769531,1.5818054676055908,1.6105467081069946,15.277453422546387,1.0269957780838013,,,0.4765944182872772,0.4387771189212799,0.4006752371788025,1.7728023529052734,0.17373527586460114,,,-19.189,-70.679,31.68,-13.58,20.34
116,0.7245340943336487,1.440651535987854,1.612583875656128,7.007295608520508,2.0700323581695557,,,0.28824305534362793,0.301306813955307,0.26126161217689514,1.6208456754684448,0.3354378640651703,,,-19.155,-70.533,37.76,-13.58,21.59
117,0.39495208859443665,1.1128281354904175,1.1808359622955322,23.424768447875977,1.2147406339645386,,,0.30855587124824524,0.3415380120277405,0.3324128985404968,1.4740253686904907,0.2755414545536041,,,-19.121,-70.387,44.16,-13.58,22.62
118,-0.35634711384773254,0.244176983833313,0.4319787621498108,21.724224090576172,1.166465401649475,,,0.4341891407966614,0.33649829030036926,0.3299560844898224,2.251225471496582,0.3179386556148529,,,-19.088,-70.243,50.82,-13.58,23.47
119,0.9982509016990662,-0.4114815592765808,1.0797322988510132,22.754966735839844,2.6187257766723633,,,0.4558180272579193,0.2960203289985657,0.3829961121082306,1.6064488887786865,0.20814268290996552,,,-19.054,-70.099,57.68,-13.58,24.16
120,1.1032073497772217,0.9721714854240417,1.4704365730285645,18.744525909423828,2.40743088722229,,,0.3716519773006439,0.3791040778160095,0.39788755774497986,1.7403404712677002,0.3359299898147583,,,-19.021,-69.957,64.72,-13.58,24.74
121,1.8826611042022705,-0.5763683915138245,1.9689117670059204,13.367596626281738,1.7171870470046997,,,0.37990668416023254,0.2651364207267761,0.3676792085170746,1.1472729444503784,0.22462983429431915,,,-19.212,-71.473,9.03,-13.58,9.01
122,0.8316941261291504,0.5318779945373535,0.9872230291366577,15.101095199584961,2.1456360816955566,,,0.32969018816947937,0.3623324930667877,0.33468708395957947,1.2359464168548584,0.24371673166751862,,,-19.177,-71.319,12.15,-13.58,12.15
123,0.11380931735038757,0.6217800378799438,0.6321099400520325,24.623119354248047,1.9443800449371338,,,0.4566895663738251,0.35718825459480286,0.33324435353279114,1.706096887588501,0.3685193359851837,,,-19.142,-71.166,16.1,-13.58,14.78
124,1.806668758392334,0.05467783287167549,1.8074959516525269,23.705158233642578,2.008885383605957,,,0.5114032626152039,0.44914546608924866,0.4873353838920593,1.9515005350112915,0.38825058937072754,,,-19.108,-71.015,20.76,-13.58,16.99
125,0.5167726278305054,0.4047281742095947,0.6563984155654907,25.093517303466797,1.2159969806671143,,,0.4843355715274811,0.37543368339538574,0.35345572233200073,1.686119556427002,0.43666642904281616,,,-19.073,-70.865,25.98,-13.58,18.82
126,0.24909359216690063,2.8877365589141846,2.8984601497650146,28.545358657836914,1.6369712352752686,,,0.3672787845134735,0.4434553384780884,0.4444001615047455,1.0408411026000977,0.3717457354068756,,,-19.039,-70.717,31.68,-13.58,20.34
127,0.19680118560791016,0.22867132723331451,0.30169734358787537,14.27074909210205,1.558286428451538,,,0.30393123626708984,0.32825320959091187,0.26212278008461,1.5363216400146484,0.29413285851478577,,,-19.006,-70.571,37.76,-13.58,21.59
128,0.7057620286941528,0.9878730773925781,1.2140812873840332,13.863783836364746,0.9476727843284607,,,0.26352056860923767,0.3930254578590393,0.3635821044445038,1.8490829467773438,0.22962357103824615,,,-18.972,-70.426,44.16,-13.58,22.62
129,-0.9333803057670593,0.6961002349853516,1.1643686294555664,16.452777862548828,0.9735493659973145,,,0.2679455280303955,0.35305821895599365,0.2980802059173584,1.5356253385543823,0.25261348485946655,,,-18.938,-70.281,50.82,-13.58,23.47
130,-0.04898131266236305,0.5171002149581909,0.5194149017333984,11.489204406738281,1.4973969459533691,,,0.33484894037246704,0.315218448638916,0.27008265256881714,1.5437264442443848,0.3847200274467468,,,-18.905,-70.138,57.68,-13.58,24.16
131,-0.07946237921714783,-0.3615915775299072,0.3702198266983032,13.197314262390137,1.6929060220718384,,,0.2594367563724518,0.297465443611145,0.2256288081407547,1.7107517719268799,0.40764686465263367,,,-18.871,-69.995,64.72,-13.58,24.74
